{
  "hash": "0cf74292",
  "configHash": "7667fd68",
  "lockfileHash": "094c15e6",
  "browserHash": "e4df4a3f",
  "optimized": {
    "@angular/common": {
      "src": "../../../../../node_modules/@angular/common/fesm2022/common.mjs",
      "file": "@angular_common.js",
      "fileHash": "b6980813",
      "needsInterop": false
    },
    "@angular/core": {
      "src": "../../../../../node_modules/@angular/core/fesm2022/core.mjs",
      "file": "@angular_core.js",
      "fileHash": "6023d994",
      "needsInterop": false
    },
    "@angular/forms": {
      "src": "../../../../../node_modules/@angular/forms/fesm2022/forms.mjs",
      "file": "@angular_forms.js",
      "fileHash": "6b2b3a5a",
      "needsInterop": false
    },
    "@angular/platform-browser": {
      "src": "../../../../../node_modules/@angular/platform-browser/fesm2022/platform-browser.mjs",
      "file": "@angular_platform-browser.js",
      "fileHash": "e350112e",
      "needsInterop": false
    },
    "@angular/router": {
      "src": "../../../../../node_modules/@angular/router/fesm2022/router.mjs",
      "file": "@angular_router.js",
      "fileHash": "fe366e9c",
      "needsInterop": false
    },
    "@canvasjs/angular-charts": {
      "src": "../../../../../node_modules/@canvasjs/angular-charts/fesm2015/canvasjs-angular-charts.js",
      "file": "@canvasjs_angular-charts.js",
      "fileHash": "94461945",
      "needsInterop": false
    }
  },
  "chunks": {
    "chunk-DPSTRX7I": {
      "file": "chunk-DPSTRX7I.js"
    },
    "chunk-F7YCE4AL": {
      "file": "chunk-F7YCE4AL.js"
    },
    "chunk-NBQ4IHRG": {
      "file": "chunk-NBQ4IHRG.js"
    }
  }
}